[
  {
    "id": 1,
    "priority": 1,
    "action": {
      "type": "redirect",
      "redirect": {
        "url": "https://script.blueagle.top/chrome_extension/deepl/getClientState.json"
      }
    },
    "condition": {
      "regexFilter": "^https:\/\/(.*).deepl.com\/web(.*)method=getClientState",
      "resourceTypes": [
        "xmlhttprequest"
      ]
    }
  },
  {
    "id": 2,
    "priority": 1,
    "action": {
      "type": "block"
    },
    "condition": {
      "regexFilter": "^https:\/\/(.*).deepl.com\/web\/statistics",
      "resourceTypes": [
        "xmlhttprequest"
      ]
    }
  }
]